{"is_source_file": true, "format": "bash script", "description": "A startup script to initialize and run a PostgreSQL database server, including setup of user credentials, permissions, database creation, and environment configuration.", "external_files": ["/usr/lib/postgresql/", "/var/lib/postgresql/data", "db_connection.txt", "db_visualizer/postgres.env"], "external_methods": ["ls", "pgrep", "sleep", "cat", "echo", "sudo -u postgres ${PG_BIN}/pg_isready", "sudo -u postgres ${PG_BIN}/psql", "sudo -u postgres ${PG_BIN}/initdb", "sudo -u postgres ${PG_BIN}/postgres", "sudo -u postgres ${PG_BIN}/createdb"], "published": [], "classes": [], "methods": [], "calls": ["ls", "pgrep", "sleep", "cat", "echo", "sudo -u postgres ${PG_BIN}/pg_isready", "sudo -u postgres ${PG_BIN}/psql", "sudo -u postgres ${PG_BIN}/initdb", "sudo -u postgres ${PG_BIN}/postgres", "sudo -u postgres ${PG_BIN}/createdb"], "search-terms": ["startup.sh", "PostgreSQL", "database setup", "initdb", "pg_isready", "permissions", "database creation", "environment variables"], "state": 2, "file_id": 3, "knowledge_revision": 11, "git_revision": "20e1850f0aea6db36dd98de16629d48476561661", "hash": "fa2aa67ea0a7c72f7c0958282f15a864", "format-version": 4, "code-base-name": "database", "filename": "database/startup.sh", "revision_history": [{"11": "20e1850f0aea6db36dd98de16629d48476561661"}]}