{"is_source_file": true, "format": "HTML", "description": "This file is an HTML document that implements a web-based database viewer interface. It includes inline CSS styles for layout and styling, and JavaScript code for dynamic functionality such as fetching database, table, and data information, rendering tables, and handling user interactions.", "external_files": ["/api/databases", "/api/<database>/tables", "/api/<database>/tables/<table>/data"], "external_methods": ["fetch"], "published": [], "classes": [], "methods": [{"name": "loadDatabases", "description": "Fetches and displays the list of available databases."}, {"name": "refreshDatabases", "description": "Refreshes the database list by reloading data from the server."}, {"name": "toggleDatabase", "description": "Expands or collapses the list of tables under a selected database."}, {"name": "loadTables", "description": "Fetches and displays tables of a selected database."}, {"name": "loadTableData", "description": "Fetches and displays data for a selected table."}, {"name": "renderTable", "description": "Renders the data into an HTML table with scroll and expand features."}, {"name": "renderCell", "description": "Creates HTML for each cell, handling long strings and objects."}, {"name": "expandCell", "description": "Expands or collapses cell content for better viewing."}], "calls": ["fetchData('/api/databases')", "fetchData(`/api/${db}/tables`)", "fetchData(`/api/${db}/tables/${tableName}/data?limit=50`)"], "search-terms": ["database viewer", "tables list", "dynamic table rendering", "inline data expansion", "API integration"], "state": 2, "file_id": 6, "knowledge_revision": 14, "git_revision": "20e1850f0aea6db36dd98de16629d48476561661", "hash": "ee63333a4841bf025439c755a74c9881", "format-version": 4, "code-base-name": "database", "filename": "database/db_visualizer/public/index.html", "revision_history": [{"14": "20e1850f0aea6db36dd98de16629d48476561661"}]}