{"is_source_file": true, "format": "bash script", "description": "This script automates backups of various databases (SQLite, PostgreSQL, MySQL, MongoDB) by detecting the running type and performing appropriate backup commands.", "external_files": ["/usr/lib/postgresql/", "/var/run/mysqld/mysqld.sock"], "external_methods": ["ls", "cp", "sudo -u postgres pg_isready", "pg_dump", "mysqladmin", "mysql", "mysqldump", "mongosh", "mongodump"], "published": [], "classes": [], "methods": [], "calls": ["ls", "cp", "sudo -u postgres pg_isready", "pg_dump", "mysqladmin ping", "mysql -h localhost -P ${DB_PORT} -u ${DB_USER} -p${DB_PASSWORD}", "mysqldump -h localhost -P ${DB_PORT}", "sudo mysql --socket=/var/run/mysqld/mysqld.sock", "mongosh --port ${DB_PORT} --eval \"db.adminCommand('ping')\"", "mongodump --port ${DB_PORT} --db ${DB_NAME}"], "search-terms": ["database backup", "bash script", "SQLite", "PostgreSQL", "MySQL", "MongoDB", "docker", "port check", "database detection"], "state": 2, "file_id": 1, "knowledge_revision": 10, "git_revision": "20e1850f0aea6db36dd98de16629d48476561661", "hash": "7af9aa35fa4940f934d83f6e2621b732", "format-version": 4, "code-base-name": "database", "filename": "database/backup_db.sh", "revision_history": [{"10": "20e1850f0aea6db36dd98de16629d48476561661"}]}