{"is_source_file": true, "format": "bash script", "description": "This script automatically detects the type of database backup available (SQLite, PostgreSQL, MySQL, or MongoDB) and restores the database by executing relevant restore commands based on the detected backup file and database system running on the system.", "external_files": ["database_backup.db", "database_backup.sql", "database_backup.archive"], "external_methods": ["ls", "cp", "sudo -u postgres pg_isready", "psql", "mysqladmin", "mysql", "mongosh", "mongorestore"], "published": [], "classes": [], "methods": [], "calls": ["ls", "cp", "sudo -u postgres pg_isready", "psql", "mysqladmin ping", "mysql", "mongosh --port", "mongosh --eval", "mongorestore"], "search-terms": ["restore_db.sh", "database_restore", "SQLite", "PostgreSQL", "MySQL", "MongoDB", "backup detection", "database restore script"], "state": 2, "file_id": 2, "knowledge_revision": 12, "git_revision": "20e1850f0aea6db36dd98de16629d48476561661", "hash": "67505395c0df4c9c001ab8f47571f3fb", "format-version": 4, "code-base-name": "database", "filename": "database/restore_db.sh", "revision_history": [{"12": "20e1850f0aea6db36dd98de16629d48476561661"}]}